datetime,open,high,low,close,volume,openinterest
2019-01-02,50.66,51.46,50.39,51.12,426147,0
2019-01-03,50.61,51.05,50.11,50.64,492071,0
2019-01-04,50.20,51.17,49.28,50.46,665486,0
2019-01-07,50.86,51.42,50.35,50.97,689444,0
2019-01-08,51.11,52.17,50.25,50.53,931211,0
2019-01-09,50.97,51.42,50.36,50.50,639429,0
2019-01-10,51.47,51.47,49.54,49.69,741981,0
2019-01-11,49.66,50.63,49.17,49.92,624774,0
2019-01-14,49.92,49.92,47.69,48.16,1938958,0
2019-01-15,48.46,48.92,47.69,48.84,815765,0
2019-01-16,49.29,49.29,48.10,48.41,690729,0
2019-01-17,48.58,48.78,48.16,48.41,441538,0
2019-01-18,48.22,48.68,48.13,48.59,735614,0
2019-01-21,48.87,49.92,48.63,49.82,897978,0
2019-01-22,49.63,49.94,48.20,49.13,870333,0
2019-01-23,49.00,49.82,48.65,49.65,565014,0
2019-01-24,49.42,50.13,49.13,50.08,523341,0
2019-01-25,49.61,51.46,49.61,50.57,1179137,0
2019-01-28,50.65,51.57,50.29,51.10,605208,0
2019-01-29,50.58,51.23,49.61,49.99,608798,0
2019-01-30,49.99,51.36,49.66,50.99,775617,0
2019-01-31,50.88,51.94,50.06,50.36,449625,0
2019-02-01,50.46,52.37,50.46,52.25,1109227,0
2019-02-11,52.24,52.78,51.62,52.53,869345,0
2019-02-12,52.55,53.32,52.32,53.32,810688,0
2019-02-13,54.25,55.14,53.32,54.24,1945481,0
2019-02-14,53.78,54.24,53.03,53.70,1237504,0
2019-02-15,53.62,54.31,52.84,53.74,1251098,0
2019-02-18,54.34,56.32,53.94,55.94,2025805,0
2019-02-19,55.88,56.77,55.41,56.24,1280097,0
2019-02-20,56.84,59.23,56.27,57.91,1909488,0
2019-02-21,58.34,60.54,57.31,58.36,1727177,0
2019-02-22,58.72,64.19,57.82,64.19,2914960,0
2019-02-25,65.49,70.61,64.50,69.08,4237231,0
2019-02-26,68.18,70.10,66.01,66.53,2979930,0
2019-02-27,65.51,67.14,64.53,64.89,1607806,0
2019-02-28,64.41,66.39,64.19,66.29,1712005,0
2019-03-01,66.26,66.49,63.86,65.07,1420468,0
2019-03-04,65.50,67.29,65.35,67.08,3292068,0
2019-03-05,66.51,66.90,65.10,66.85,2151495,0
2019-03-06,66.52,68.22,65.43,66.01,2771373,0
2019-03-07,66.12,66.12,62.43,64.79,2447272,0
2019-03-08,62.94,67.79,62.89,64.87,3231434,0
2019-03-11,65.50,67.88,63.55,67.85,3967009,0
2019-03-12,68.42,71.22,68.37,70.33,4909430,0
2019-03-13,69.61,71.05,66.32,67.03,2723894,0
2019-03-14,66.51,68.52,65.30,67.04,1930484,0
2019-03-15,67.03,67.54,65.40,66.22,2042452,0
2019-03-18,66.01,68.54,65.70,68.19,1691534,0
2019-03-19,68.06,68.15,66.37,66.78,1333191,0
2019-03-20,66.78,67.42,65.07,66.92,1358072,0
2019-03-21,66.92,67.96,65.89,66.48,1836805,0
2019-03-22,66.01,66.50,64.78,65.90,1262840,0
2019-03-25,65.88,66.71,64.63,64.77,1536215,0
2019-03-26,65.44,65.44,63.25,63.44,1259871,0
2019-03-27,63.62,64.32,62.07,62.62,1405250,0
2019-03-28,63.07,65.37,62.64,64.27,1447467,0
2019-03-29,63.88,66.72,62.89,66.63,1624236,0
2019-04-01,68.37,68.37,66.23,67.04,2927326,0
2019-04-02,67.14,67.19,66.04,66.48,1639882,0
2019-04-03,66.02,66.52,64.03,65.70,2304166,0
2019-04-04,65.60,67.04,65.09,67.00,2270000,0
2019-04-08,67.00,67.34,64.18,64.54,1918997,0
2019-04-09,65.07,65.57,64.38,65.43,1504532,0
2019-04-10,65.43,65.58,63.92,64.07,1101830,0
2019-04-11,64.06,64.34,60.06,60.07,2592513,0
2019-04-12,60.51,61.92,60.08,61.71,2008862,0
2019-04-15,61.90,63.02,60.96,61.10,1886371,0
2019-04-16,61.11,64.02,59.56,63.63,3059873,0
2019-04-17,62.84,63.96,62.39,62.67,2185179,0
2019-04-18,62.67,63.43,61.25,62.55,1736414,0
2019-04-19,62.11,62.74,60.75,62.71,2013533,0
2019-04-22,62.53,63.52,61.52,62.50,2473478,0
2019-04-23,62.04,62.81,61.00,61.76,1679543,0
2019-04-24,61.81,63.33,61.51,62.52,1433601,0
2019-04-25,62.43,62.72,59.75,60.18,1907221,0
2019-04-26,59.58,61.28,59.58,60.10,1055584,0
2019-04-29,60.15,61.80,58.54,60.08,1614997,0
2019-04-30,60.45,62.89,60.38,62.30,2599615,0
2019-05-06,59.88,61.16,56.06,56.06,2397453,0
2019-05-07,56.80,56.80,54.76,55.15,2295435,0
2019-05-08,55.06,56.20,53.54,55.26,1949437,0
2019-05-09,55.78,56.47,54.64,54.82,1487137,0
2019-05-10,55.62,57.75,55.16,57.30,1542407,0
2019-05-13,57.11,57.83,56.03,56.12,1516454,0
2019-05-14,56.08,56.59,54.82,56.31,1653582,0
2019-05-15,56.27,57.19,56.09,57.08,1425157,0
2019-05-16,57.09,57.73,55.92,56.21,969408,0
2019-05-17,56.23,56.64,53.75,54.32,2006914,0
2019-05-20,53.91,54.58,51.89,53.20,2271267,0
2019-05-21,53.21,54.86,52.62,53.59,2230017,0
2019-05-22,53.59,54.43,52.57,53.46,1465024,0
2019-05-23,53.74,54.01,51.99,52.84,1991105,0
2019-05-24,52.56,53.14,51.17,51.85,1659995,0
2019-05-27,52.24,53.56,51.27,53.37,2265491,0
2019-05-28,53.30,53.66,52.60,52.79,1535789,0
2019-05-29,52.44,54.01,52.44,52.68,2328015,0
2019-05-30,52.56,52.56,49.82,51.04,4388637,0
2019-05-31,50.31,54.03,50.29,52.31,3630541,0
2019-06-03,52.84,53.45,50.40,52.20,4251501,0
2019-06-04,52.15,53.94,51.38,51.99,3300659,0
2019-06-05,53.00,54.84,51.99,54.30,3070836,0
2019-06-06,54.00,54.71,53.30,53.81,2643735,0
2019-06-10,54.46,55.74,53.84,54.59,2295990,0
2019-06-11,54.61,55.44,52.46,55.15,2609309,0
2019-06-12,54.74,55.48,54.49,55.04,1592491,0
2019-06-13,54.71,55.42,54.14,55.17,1609217,0
2019-06-14,55.20,55.26,53.01,53.48,2056231,0
2019-06-17,53.74,54.46,52.33,54.17,1615063,0
2019-06-18,54.72,54.72,53.13,53.74,1928851,0
2019-06-19,55.84,56.93,54.36,54.46,4251107,0
2019-06-20,54.03,55.28,53.77,54.43,2498508,0
2019-06-21,54.68,55.90,54.65,55.22,2248042,0
2019-06-24,54.96,55.68,54.54,54.71,2227905,0
2019-06-25,54.75,54.77,53.01,53.59,2456043,0
2019-06-26,53.61,54.27,53.14,53.58,2360818,0
2019-06-27,54.35,58.94,54.35,58.94,8684946,0
2019-06-28,58.60,59.87,57.59,58.11,9724906,0
2019-07-01,60.10,61.20,58.72,59.40,10489928,0
2019-07-02,59.42,59.49,57.88,58.38,5710131,0
2019-07-03,58.49,58.49,56.13,56.21,5651846,0
2019-07-04,56.26,56.50,55.23,55.71,3160237,0
2019-07-05,55.74,56.86,55.55,56.28,2624136,0
2019-07-08,55.97,56.82,54.83,56.29,3551980,0
2019-07-09,55.76,56.06,54.87,55.36,1929306,0
2019-07-10,55.48,55.71,54.87,54.90,1381045,0
2019-07-11,55.16,55.62,54.78,55.33,1411281,0
2019-07-12,55.45,56.03,54.99,55.49,1341975,0
2019-07-15,55.23,56.61,54.42,56.13,2269687,0
2019-07-16,56.32,57.32,55.99,57.14,3159630,0
2019-07-17,57.76,57.77,56.93,57.27,3123102,0
2019-07-18,57.21,57.21,55.71,56.28,2277950,0
2019-07-19,56.18,57.37,56.13,56.31,2060015,0
2019-07-22,56.38,56.99,54.59,55.57,2710969,0
2019-07-23,55.19,57.75,55.12,57.41,3719928,0
2019-07-24,57.31,59.08,57.08,58.82,4845285,0
2019-07-25,58.94,60.91,58.27,60.13,4943099,0
2019-07-26,60.10,60.71,58.85,59.88,3197621,0
2019-07-29,60.17,61.68,59.98,60.58,3433408,0
2019-07-30,61.00,61.55,60.10,60.33,2777118,0
2019-07-31,60.13,61.61,60.03,60.49,2967915,0
2019-08-01,60.20,60.97,59.87,60.42,2084684,0
2019-08-02,58.30,60.53,57.93,60.32,3093805,0
2019-08-05,59.66,60.42,57.96,58.09,3151611,0
2019-08-06,56.64,58.27,56.05,57.77,3857498,0
2019-08-07,57.88,61.67,57.85,61.00,4919222,0
2019-08-08,60.59,64.89,60.59,64.34,7044325,0
2019-08-09,64.16,69.94,63.99,66.81,9157386,0
2019-08-12,67.64,71.08,66.01,70.77,8196863,0
2019-08-13,70.42,70.73,67.66,69.42,5173384,0
2019-08-14,70.29,72.30,66.81,68.03,7463310,0
2019-08-15,65.36,67.90,64.44,67.39,5808565,0
2019-08-16,67.77,67.81,65.44,65.53,5455330,0
2019-08-19,67.37,72.08,67.19,71.47,12770580,0
2019-08-20,69.57,69.57,66.49,68.00,12257942,0
2019-08-21,67.46,70.71,66.33,68.99,9217942,0
2019-08-22,69.55,69.55,67.71,68.64,4294935,0
2019-08-23,68.26,68.99,67.23,67.59,4233357,0
2019-08-26,66.21,66.95,65.07,66.49,5558776,0
2019-08-27,66.50,68.09,65.28,66.10,6035795,0
2019-08-28,65.57,65.62,63.41,64.18,6235005,0
2019-08-29,64.19,65.14,63.80,64.27,4979266,0
2019-08-30,65.18,69.31,65.18,66.66,10415107,0
2019-09-02,65.78,69.18,65.59,67.69,7633773,0
2019-09-03,67.08,72.21,67.07,71.31,9145204,0
2019-09-04,70.83,74.88,69.10,73.84,10691250,0
2019-09-05,74.04,80.17,74.04,75.33,12359990,0
2019-09-06,75.96,76.54,72.41,74.00,9128913,0
2019-09-09,74.11,75.32,72.85,75.12,10483877,0
2019-09-10,75.35,75.38,71.93,72.66,8952590,0
2019-09-11,72.91,73.72,71.31,72.02,6100847,0
2019-09-12,72.75,72.84,70.66,72.37,4202930,0
2019-09-16,72.43,73.47,71.16,72.62,6047012,0
2019-09-17,72.23,73.04,70.31,70.66,5002628,0
2019-09-18,70.85,72.98,70.05,72.76,6734996,0
2019-09-19,72.98,74.53,72.18,74.52,7127334,0
2019-09-20,74.72,75.96,73.31,74.91,7622693,0
2019-09-23,74.33,74.53,72.62,73.63,5021047,0
2019-09-24,73.05,74.48,72.63,72.70,5468651,0
2019-09-25,72.40,74.16,68.48,69.39,9286293,0
2019-09-26,69.68,69.94,65.22,66.52,7275137,0
2019-09-27,66.46,68.00,65.54,66.87,4177312,0
2019-09-30,67.82,68.23,66.68,67.00,3798167,0
2019-10-08,67.00,67.07,65.21,65.34,5435156,0
2019-10-09,65.20,66.14,62.45,65.78,4752357,0
2019-10-10,65.91,67.81,65.78,67.55,4093811,0
2019-10-11,68.30,69.67,67.55,68.26,5405700,0
2019-10-14,69.45,69.65,67.85,68.52,3809270,0
2019-10-15,67.90,68.22,65.65,66.55,3778319,0
2019-10-16,67.32,67.65,66.20,66.72,2373418,0
2019-10-17,66.79,67.91,66.79,67.52,2159405,0
2019-10-18,67.37,67.97,65.65,66.08,2852596,0
2019-10-21,65.79,66.27,63.73,65.09,4022010,0
2019-10-22,65.68,68.09,65.65,67.98,4845555,0
2019-10-23,68.23,68.35,66.66,67.04,2907810,0
2019-10-24,67.68,67.68,65.53,66.50,2947988,0
2019-10-25,66.76,67.48,65.97,67.14,3738176,0
2019-10-28,64.15,67.14,62.61,66.88,11065872,0
2019-10-29,66.20,66.20,64.08,64.57,4436659,0
2019-10-30,64.57,65.33,63.25,64.06,2546878,0
2019-10-31,64.59,65.28,62.55,62.65,3422702,0
2019-11-01,62.70,64.41,61.96,63.85,2897732,0
2019-11-04,63.85,66.52,63.61,65.94,3930329,0
2019-11-05,64.92,67.37,64.80,67.01,2817058,0
2019-11-06,67.11,67.48,65.07,65.75,3666529,0
2019-11-07,65.82,66.07,64.91,65.41,2064201,0
2019-11-08,65.66,68.00,65.66,67.26,3842118,0
2019-11-11,66.58,67.35,65.91,66.44,1882013,0
2019-11-12,66.46,66.79,65.21,65.78,1879946,0
2019-11-13,65.37,66.20,63.66,64.24,2669977,0
2019-11-14,64.77,68.52,64.15,68.03,5052273,0
2019-11-15,68.22,68.84,66.91,67.21,2960294,0
2019-11-18,67.58,68.12,66.13,66.26,2471586,0
2019-11-19,66.47,67.51,65.38,67.35,2655820,0
2019-11-20,67.27,67.27,65.09,65.63,2986928,0
2019-11-21,65.30,66.05,64.41,64.83,2559561,0
2019-11-22,64.83,66.20,62.76,63.29,3265558,0
2019-11-25,63.35,63.47,60.74,61.41,3611223,0
2019-11-26,61.58,62.41,59.98,60.88,2816599,0
2019-11-27,60.30,61.80,60.27,61.22,2305242,0
2019-11-28,61.51,61.94,60.66,60.82,1471873,0
2019-11-29,61.43,62.00,60.82,61.72,2046395,0
2019-12-02,61.33,62.12,61.03,61.71,2219478,0
2019-12-03,61.11,62.22,60.75,61.96,1716523,0
2019-12-04,61.42,61.77,60.71,61.14,1649719,0
2019-12-05,61.35,62.81,61.11,62.02,3206044,0
2019-12-06,62.71,63.87,61.51,62.31,3484102,0
2019-12-09,61.99,65.33,61.87,64.64,5301260,0
2019-12-10,64.12,64.48,62.74,63.90,3236777,0
2019-12-11,63.64,64.24,63.05,64.24,2661490,0
2019-12-12,64.21,65.89,63.47,64.60,3701074,0
2019-12-13,65.24,66.08,64.34,65.68,3920604,0
2019-12-16,65.78,67.82,65.04,67.43,4184002,0
2019-12-17,67.43,68.45,66.63,67.93,2899062,0
2019-12-18,67.75,68.49,67.27,67.39,2837589,0
2019-12-19,67.27,68.55,67.26,68.04,2390775,0
2019-12-20,68.23,68.49,66.37,67.05,2425578,0
2019-12-23,66.92,67.78,65.37,66.15,2643353,0
2019-12-24,66.15,67.42,64.76,65.47,2589308,0
2019-12-25,65.36,67.48,64.95,66.95,2634611,0
2019-12-26,66.81,68.12,66.40,67.40,1852262,0
2019-12-27,68.09,68.19,65.21,65.52,2260110,0
2019-12-30,65.36,65.46,63.19,64.50,3354061,0
2019-12-31,64.50,65.99,63.45,63.64,2178301,0
2020-01-02,64.59,64.60,63.16,64.02,3959797,0
2020-01-03,64.16,64.60,62.76,62.96,4185711,0
2020-01-06,62.45,64.86,61.43,64.24,5089772,0
2020-01-07,64.27,68.94,64.27,68.35,7688449,0
2020-01-08,68.84,72.62,67.68,70.95,7755161,0
2020-01-09,71.54,71.88,69.86,70.29,3830362,0
2020-01-10,70.86,73.90,69.87,72.63,5964752,0
2020-01-13,71.91,73.36,71.18,72.46,3118055,0
2020-01-14,72.89,73.46,71.27,72.54,3724422,0
2020-01-15,72.60,73.34,71.60,72.53,2647757,0
2020-01-16,72.91,74.06,71.82,72.59,2407921,0
2020-01-17,73.05,75.20,71.75,74.04,4634228,0
2020-01-20,74.04,75.09,72.91,74.14,3640056,0
2020-01-21,74.03,75.28,71.21,72.38,3546094,0
2020-01-22,71.16,75.23,69.86,74.58,4467204,0
2020-01-23,73.78,74.74,70.58,71.46,3665030,0
2020-02-03,64.31,65.04,64.31,64.31,1675800,0
2020-02-04,62.45,67.24,62.45,66.36,3657460,0
2020-02-05,66.74,68.67,63.44,64.48,7411490,0
2020-02-06,64.08,64.08,61.78,63.57,8722980,0
2020-02-07,63.47,64.63,62.02,64.48,6626703,0
2020-02-10,63.90,65.59,63.03,64.64,5745874,0
2020-02-11,64.85,66.95,64.05,66.37,6286322,0
2020-02-12,66.52,67.32,65.12,67.16,7086451,0
2020-02-13,67.27,67.81,65.88,66.72,5965016,0
2020-02-14,66.20,69.35,65.68,67.90,7759114,0
2020-02-17,68.22,70.99,67.55,70.87,7810067,0
2020-02-18,70.73,72.28,70.42,72.18,6132924,0
2020-02-19,71.92,73.78,70.71,70.95,6710507,0
2020-02-20,71.60,73.01,70.87,72.69,6050156,0
2020-02-21,72.81,74.94,72.33,73.49,6981772,0
2020-02-24,73.94,80.69,73.94,79.97,10833304,0
2020-02-25,77.89,81.16,75.20,78.53,10231217,0
2020-02-26,77.73,79.66,73.31,74.58,8711027,0
2020-02-27,74.55,75.25,72.04,72.95,6067632,0
2020-02-28,69.96,70.99,66.88,67.71,7308265,0
2020-03-02,68.67,69.93,65.36,69.10,13751534,0
2020-03-03,70.13,71.89,67.78,68.64,8958875,0
2020-03-04,66.37,67.62,65.44,66.81,9229918,0
2020-03-05,68.23,68.54,66.65,68.20,5702637,0
2020-03-06,67.35,69.26,66.85,68.55,4824440,0
2020-03-09,67.24,68.06,65.40,65.50,5703898,0
2020-03-10,65.36,67.91,64.25,67.85,7800319,0
2020-03-11,68.06,69.54,66.63,66.97,6797257,0
2020-03-12,65.63,66.97,65.40,66.05,4125247,0
2020-03-13,62.22,65.41,62.19,64.73,5705114,0
2020-03-16,65.36,66.63,62.65,62.67,6632349,0
2020-03-17,65.79,67.24,63.29,66.85,11013820,0
2020-03-18,68.86,71.75,67.30,67.90,10738232,0
2020-03-19,67.55,70.73,67.55,69.99,10607227,0
2020-03-20,71.15,71.15,67.91,69.33,8413040,0
2020-03-23,66.81,67.62,63.32,63.55,6472881,0
2020-03-24,65.25,65.60,60.55,63.80,8011468,0
2020-03-25,65.14,65.65,63.47,65.07,5535108,0
2020-03-26,64.32,64.54,63.15,63.35,2986407,0
2020-03-27,63.90,64.75,63.18,63.61,3573666,0
2020-03-30,62.36,64.99,61.72,64.37,3801628,0
2020-03-31,65.12,65.49,63.35,63.54,2968149,0
2020-04-01,63.55,65.09,62.61,63.29,3461219,0
2020-04-02,62.74,65.09,62.68,65.07,4432232,0
2020-04-03,64.63,64.63,63.09,63.09,3460139,0
2020-04-07,64.59,64.77,63.66,64.38,3465494,0
2020-04-08,63.90,65.49,63.80,64.88,2966803,0
2020-04-09,65.12,66.56,65.04,65.99,3906431,0
2020-04-10,66.07,66.27,63.76,64.12,3439805,0
2020-04-13,63.41,64.54,63.32,64.43,1709738,0
2020-04-14,64.47,66.75,64.47,66.43,4077391,0
2020-04-15,66.52,67.97,66.20,66.31,4272121,0
2020-04-16,66.52,67.29,65.72,66.92,2476330,0
2020-04-17,67.39,68.62,66.62,66.72,4255946,0
2020-04-20,67.03,67.74,66.37,67.17,2789594,0
2020-04-21,66.59,67.35,65.56,66.55,3034269,0
2020-04-22,66.34,69.60,65.94,69.49,7119864,0
2020-04-23,70.29,74.80,70.28,71.43,13312887,0
2020-04-24,71.75,72.04,69.15,69.49,4435542,0
2020-04-27,70.18,71.43,68.77,70.28,4604579,0
2020-04-28,69.39,70.42,68.09,69.25,4400014,0
2020-04-29,68.77,72.62,68.77,72.04,5543580,0
2020-04-30,72.70,74.52,71.64,73.02,7940511,0
2020-05-06,72.47,74.43,71.72,73.33,6219649,0
2020-05-07,74.00,74.68,72.11,72.84,5323938,0
2020-05-08,73.34,74.87,72.47,72.62,7699267,0
2020-05-11,72.62,73.14,70.25,70.58,6250386,0
2020-05-12,70.82,73.90,69.94,73.49,7393794,0
2020-05-13,73.49,73.76,72.33,72.79,4400834,0
2020-05-14,72.20,73.40,71.34,72.75,4615883,0
2020-05-15,73.05,74.23,71.16,73.74,5643300,0
2020-05-18,73.42,73.82,69.83,70.26,8158920,0
2020-05-19,70.69,71.99,69.76,71.60,5345424,0
2020-05-20,71.93,74.67,71.02,72.33,6306280,0
2020-05-21,72.69,73.49,68.99,69.20,6343057,0
2020-05-22,69.22,69.89,66.95,67.08,4186780,0
2020-05-25,66.81,67.69,65.79,66.55,2618273,0
2020-05-26,66.85,69.86,66.85,69.08,6037356,0
2020-05-27,68.57,68.88,65.36,66.73,7784704,0
2020-05-28,65.56,66.44,63.86,65.11,6015850,0
2020-05-29,64.38,66.06,64.27,65.38,4208339,0
2020-06-01,66.51,69.27,66.24,68.86,7837003,0
2020-06-02,68.98,69.80,67.53,68.27,5740260,0
2020-06-03,68.37,69.74,67.75,67.96,8212307,0
2020-06-04,68.27,68.80,66.59,66.94,5524171,0
2020-06-05,67.06,67.94,66.34,67.73,4037132,0
2020-06-08,68.08,69.39,68.06,68.37,7562916,0
2020-06-09,68.41,68.94,67.71,68.39,4444524,0
2020-06-10,68.41,68.53,67.24,67.88,4356016,0
2020-06-11,67.96,71.40,67.94,71.03,10601698,0
2020-06-12,69.60,70.09,68.23,68.98,12484433,0
2020-06-15,68.33,68.37,66.03,66.18,9295081,0
2020-06-16,66.83,69.02,66.53,68.78,8724752,0
2020-06-17,68.88,69.25,67.37,68.14,4835755,0
2020-06-18,67.92,69.80,67.63,69.33,6685147,0
2020-06-19,69.33,71.23,68.78,70.42,8820224,0
2020-06-22,70.80,72.56,70.50,72.05,8460084,0
2020-06-23,71.46,72.32,70.62,72.20,6311371,0
2020-06-24,70.82,71.07,69.80,70.62,7821129,0
2020-06-29,70.07,71.40,69.76,71.38,5401854,0
2020-06-30,71.54,73.06,71.54,72.03,5754685,0
2020-07-01,72.26,72.83,70.17,71.60,6784430,0
2020-07-02,71.36,72.67,70.68,71.66,7880325,0
2020-07-03,71.91,74.24,71.62,73.73,13841866,0
2020-07-06,74.30,78.52,74.30,76.80,15925292,0
2020-07-07,77.07,78.95,76.35,76.78,14318982,0
2020-07-08,76.86,78.79,76.35,78.36,11319677,0
2020-07-09,79.01,80.45,77.99,79.42,13764917,0
2020-07-10,78.62,82.68,77.99,80.61,13405567,0
2020-07-13,80.75,83.11,80.75,81.59,13314054,0
2020-07-14,81.02,81.47,77.44,78.34,14887727,0
2020-07-15,79.01,81.63,77.50,78.60,17297981,0
2020-07-16,79.01,79.22,73.28,73.34,13921760,0
2020-07-17,73.69,74.61,71.64,72.67,9445760,0
2020-07-20,73.57,74.71,71.97,74.47,8603595,0
2020-07-21,74.45,75.55,73.73,74.86,7143370,0
2020-07-22,74.86,75.88,74.06,74.47,7230738,0
2020-07-23,74.10,74.10,70.31,72.65,12222460,0
2020-07-24,71.89,73.34,68.78,69.02,10307624,0
2020-07-27,69.11,69.76,68.37,69.56,6099584,0
2020-07-28,69.80,71.34,69.80,70.76,5351462,0
2020-07-29,70.78,72.34,70.44,71.99,7295556,0
2020-07-30,72.01,74.02,71.23,73.28,7964362,0
2020-07-31,72.85,74.39,72.46,73.12,6042480,0
2020-08-03,73.57,74.30,73.12,73.71,6783422,0
2020-08-04,73.69,74.04,72.40,72.59,6112910,0
2020-08-05,73.90,74.37,72.83,73.18,5372359,0
2020-08-06,72.97,73.98,72.22,73.34,6324669,0
2020-08-07,73.20,73.28,70.52,71.89,6196372,0
2020-08-10,71.64,74.14,71.44,73.87,6507711,0
2020-08-11,73.71,74.30,72.42,72.56,5173257,0
2020-08-12,72.79,72.83,70.23,72.05,4678298,0
2020-08-13,72.40,72.65,71.66,71.70,2777815,0
2020-08-14,71.68,72.67,71.03,72.54,2984645,0
2020-08-17,72.77,73.79,72.34,73.69,6100337,0
2020-08-18,73.79,73.79,71.85,72.42,6464754,0
2020-08-19,72.26,72.63,71.13,71.30,5701560,0
2020-08-20,71.87,72.36,70.54,71.01,6495350,0
2020-08-21,71.23,71.68,70.76,71.13,4410112,0
2020-08-24,70.29,70.58,68.41,69.99,7094536,0
2020-08-25,70.42,71.56,70.01,71.03,4694046,0
2020-08-26,71.03,71.15,68.88,69.15,4830396,0
2020-08-27,68.63,70.39,68.57,69.62,2634624,0
2020-08-28,70.11,70.72,69.56,70.58,3061186,0
2020-08-31,70.13,71.42,69.60,69.64,4570386,0
2020-09-01,69.70,72.11,69.31,71.50,6862529,0
2020-09-02,71.44,72.11,71.01,71.30,4200110,0
2020-09-03,71.62,72.34,71.05,71.62,4998667,0
2020-09-04,71.23,73.75,70.85,73.28,7273562,0
2020-09-07,73.26,74.10,71.85,72.38,6499235,0
2020-09-08,72.16,72.46,70.82,72.34,4215183,0
2020-09-09,70.62,71.48,69.04,69.35,5675723,0
2020-09-10,70.09,70.42,68.16,68.18,3365591,0
2020-09-11,68.20,69.06,67.80,68.78,2060171,0
2020-09-14,69.49,69.68,68.37,68.92,2525233,0
2020-09-15,68.94,70.07,68.45,69.51,2617258,0
2020-09-16,69.25,70.09,69.25,69.78,2097973,0
2020-09-17,69.76,71.05,69.21,70.46,3251332,0
2020-09-18,70.66,71.34,70.33,70.82,3405328,0
2020-09-21,70.80,71.03,69.68,70.25,3201362,0
2020-09-22,69.92,70.21,68.72,68.74,2962376,0
2020-09-23,69.15,69.35,67.94,68.10,3060055,0
2020-09-24,67.96,67.96,65.30,65.34,4495579,0
2020-09-25,65.63,66.85,64.91,66.75,3628775,0
2020-09-28,67.10,69.21,66.46,68.08,3822625,0
2020-09-29,68.14,69.27,67.57,67.63,2863364,0
2020-09-30,67.82,69.35,67.65,68.27,3434626,0
2020-10-09,68.98,70.25,68.88,69.62,3036352,0
2020-10-12,69.96,71.56,69.94,71.46,5324604,0
2020-10-13,71.40,71.95,70.97,71.46,3547528,0
2020-10-14,71.50,71.91,70.58,70.89,2847169,0
2020-10-15,71.58,72.20,70.80,70.85,3317110,0
2020-10-16,71.13,71.23,69.92,70.64,2799600,0
2020-10-19,70.82,72.26,70.80,70.87,3722657,0
2020-10-20,71.27,72.52,70.80,72.36,3078652,0
2020-10-21,72.52,73.28,71.75,72.79,4246721,0
2020-10-22,72.79,72.79,70.72,71.64,2959871,0
2020-10-23,71.66,72.32,69.72,69.80,3570810,0
2020-10-26,69.90,70.11,66.89,67.65,3466616,0
2020-10-27,67.55,68.47,67.16,67.71,2055310,0
2020-10-28,67.84,68.65,67.18,68.37,2080681,0
2020-10-29,67.61,68.37,67.24,67.34,2666344,0
2020-10-30,67.37,68.18,65.34,65.54,3990363,0
2020-11-02,65.63,65.63,61.00,63.86,7810655,0
2020-11-03,64.05,64.79,63.25,64.27,2961980,0
2020-11-04,64.40,64.60,62.78,63.07,3601263,0
2020-11-05,63.44,64.97,62.84,64.70,4730016,0
2020-11-06,64.23,65.30,63.91,64.44,3491073,0
2020-11-09,64.72,67.86,64.72,66.91,6313910,0
2020-11-10,66.59,67.55,65.42,67.02,4244304,0
2020-11-11,66.34,67.84,64.93,64.95,4008541,0
2020-11-12,64.68,65.69,64.19,64.50,2130675,0
2020-11-13,64.50,66.77,63.76,65.73,4371634,0
2020-11-16,65.73,65.85,64.83,65.22,2524865,0
2020-11-17,65.13,66.46,63.60,65.71,3889443,0
2020-11-18,66.10,67.10,65.20,66.40,3699330,0
2020-11-19,65.95,66.34,65.11,66.06,1618099,0
2020-11-20,65.91,66.65,65.48,65.81,1387551,0
2020-11-23,65.63,65.63,64.46,64.89,3450700,0
2020-11-24,64.46,65.46,63.68,63.93,2938896,0
2020-11-25,64.46,64.50,63.35,63.76,2245363,0
2020-11-26,64.44,64.77,63.56,63.82,2272084,0
2020-11-27,63.78,64.77,63.50,64.36,1725878,0
2020-11-30,64.17,66.01,63.93,65.15,3191303,0
2020-12-01,64.89,66.28,64.89,65.93,2261381,0
2020-12-02,66.24,67.24,65.50,66.44,3568224,0
2020-12-03,66.57,66.87,65.63,65.75,1850877,0
2020-12-04,65.99,67.00,65.54,66.32,3747007,0
2020-12-07,67.14,67.39,65.50,65.89,2600512,0
2020-12-08,65.63,66.57,65.38,65.83,2951956,0
2020-12-09,66.01,66.16,61.35,61.65,8329829,0
2020-12-10,61.39,63.05,61.06,61.53,4139690,0
2020-12-11,61.57,62.02,59.59,61.10,5098603,0
2020-12-14,61.27,61.80,59.93,61.16,5400691,0
2020-12-15,61.14,61.14,60.00,60.39,4082216,0
2020-12-16,60.71,60.90,59.63,59.77,3607375,0
2020-12-17,59.85,60.28,59.20,60.22,2044035,0
2020-12-18,60.51,60.51,58.99,59.05,3122193,0
2020-12-21,59.03,59.87,58.58,59.36,3693221,0
2020-12-22,59.40,59.40,56.00,56.37,6342112,0
2020-12-23,56.64,59.59,56.19,58.34,5698449,0
2020-12-24,57.74,59.63,57.54,59.38,3620610,0
2020-12-25,59.57,60.36,58.77,59.83,2191840,0
2020-12-28,59.98,60.63,58.22,59.26,4596182,0
2020-12-29,59.36,61.16,59.16,60.18,2593924,0
2020-12-30,60.20,62.29,59.98,60.55,4421049,0
2020-12-31,61.16,61.90,60.39,61.72,2845667,0
2021-01-04,61.70,62.02,61.14,61.24,3414158,0
2021-01-05,61.08,64.13,60.82,63.72,5639288,0
2021-01-06,63.86,63.86,62.43,63.39,3482812,0
2021-01-07,63.23,63.23,61.12,61.67,4462585,0
2021-01-08,61.24,62.76,60.86,61.53,3195418,0
2021-01-11,61.80,62.68,60.86,61.14,4354184,0
2021-01-12,60.86,62.13,60.39,61.67,3553412,0
2021-01-13,61.51,61.72,60.28,60.79,4968404,0
2021-01-14,60.96,63.54,60.51,62.25,6365034,0
2021-01-15,62.62,63.03,60.04,60.14,4368602,0
2021-01-18,59.93,62.70,59.05,61.78,4594375,0
2021-01-19,61.63,61.94,60.39,60.45,2772661,0
2021-01-20,60.45,60.90,59.73,59.93,1598788,0
2021-01-21,59.93,60.57,59.08,60.12,3921700,0
2021-01-22,59.96,59.96,57.48,58.17,6410959,0
2021-01-25,58.11,58.13,57.11,57.50,3445027,0
2021-01-26,57.50,57.50,54.31,55.12,7340180,0
2021-01-27,55.60,55.94,54.96,55.60,2665407,0
2021-01-28,55.21,55.84,54.61,54.92,2372181,0
