时间,交易类型,方向,数量,开仓均价,平仓价格,盈亏,类别
2017/8/16 18:10,平空,-1,1,1723,1726,-30,0
2017/8/18 13:30,平多,1,1,1726,1732,60,1
2017/8/18 13:50,平空,-1,1,1732,1735,-30,0
2017/8/18 14:00,平多,1,1,1735,1732,-30,0
2017/8/21 13:25,平空,-1,1,1732,1734,-20,0
2017/8/21 17:50,平多,1,1,1734,1728,-60,0
2017/8/22 17:35,平空,-1,1,1728,1730,-20,0
2017/8/23 18:30,平多,1,1,1730,1731,10,1
2017/8/29 13:15,平空,-1,1,1731,1722,90,1
2017/8/29 14:00,平多,1,1,1722,1718,-40,0
2017/9/1 13:25,平空,-1,1,1718,1690,280,1
2017/9/1 13:40,平多,1,1,1690,1692,20,1
2017/9/1 14:15,平空,-1,1,1692,1694,-20,0
2017/9/1 15:05,平多,1,1,1694,1691,-30,0
2017/9/1 18:20,平空,-1,1,1691,1694,-30,0
2017/9/1 18:55,平多,1,1,1694,1691,-30,0
2017/9/4 13:10,平空,-1,1,1691,1698,-70,0
2017/9/5 14:55,平多,1,1,1698,1709,110,1
2017/9/5 17:45,平空,-1,1,1709,1713,-40,0
2017/9/6 19:00,平多,1,1,1713,1715,20,1
2017/9/7 13:20,平空,-1,1,1715,1722,-70,0
2017/9/7 14:45,平多,1,1,1722,1718,-40,0
2017/9/8 13:20,平空,-1,1,1718,1721,-30,0
2017/9/8 13:40,平多,1,1,1721,1716,-50,0
2017/9/11 18:15,平空,-1,1,1716,1690,260,1
2017/9/11 18:45,平多,1,1,1690,1689,-10,0
2017/9/12 13:25,平空,-1,1,1689,1689,0,1
2017/9/12 13:30,平多,1,1,1689,1688,-10,0
2017/9/12 13:55,平空,-1,1,1688,1690,-20,0
2017/9/12 14:10,平多,1,1,1690,1688,-20,0
2017/9/12 18:55,平空,-1,1,1688,1691,-30,0
2017/9/13 13:15,平多,1,1,1691,1684,-70,0
2017/9/13 14:10,平空,-1,1,1684,1689,-50,0
2017/9/13 14:55,平多,1,1,1689,1686,-30,0
2017/9/13 17:40,平空,-1,1,1686,1690,-40,0
2017/9/14 18:55,平多,1,1,1690,1705,150,1
2017/9/18 17:45,平空,-1,1,1705,1695,100,1
2017/9/18 18:25,平多,1,1,1695,1693,-20,0
2017/9/18 18:45,平空,-1,1,1693,1694,-10,0
2017/9/20 13:10,平多,1,1,1694,1695,10,1
2017/9/20 13:25,平空,-1,1,1695,1699,-40,0
2017/9/20 19:00,平多,1,1,1699,1696,-30,0
2017/9/21 15:30,平空,-1,1,1696,1704,-80,0
2017/9/21 17:35,平多,1,1,1704,1701,-30,0
2017/9/21 17:40,平空,-1,1,1701,1702,-10,0
2017/9/21 17:55,平多,1,1,1702,1701,-10,0
2017/9/21 18:20,平空,-1,1,1701,1703,-20,0
2017/9/25 13:15,平多,1,1,1703,1713,100,1
2017/9/25 18:50,平空,-1,1,1713,1715,-20,0
2017/9/27 13:35,平多,1,1,1715,1716,10,1
2017/10/10 13:50,平空,-1,1,1716,1672,440,1
2017/10/11 15:10,平多,1,1,1672,1672,0,1
2017/10/11 18:05,平空,-1,1,1672,1674,-20,0
2017/10/11 18:25,平多,1,1,1674,1672,-20,0
2017/10/12 13:10,平空,-1,1,1672,1674,-20,0
2017/10/12 14:50,平多,1,1,1674,1672,-20,0
2017/10/12 17:35,平空,-1,1,1672,1676,-40,0
2017/10/12 18:35,平多,1,1,1676,1674,-20,0
2017/10/13 13:05,平空,-1,1,1674,1682,-80,0
2017/10/13 18:10,平多,1,1,1682,1677,-50,0
2017/10/16 13:10,平空,-1,1,1677,1682,-50,0
2017/10/16 13:50,平多,1,1,1682,1676,-60,0
2017/10/16 18:45,平空,-1,1,1676,1678,-20,0
2017/10/17 13:30,平多,1,1,1678,1675,-30,0
2017/10/17 13:40,平空,-1,1,1675,1677,-20,0
2017/10/18 13:45,平多,1,1,1677,1676,-10,0
2017/10/19 18:20,平空,-1,1,1676,1673,30,1
2017/10/19 18:50,平多,1,1,1673,1670,-30,0
2017/10/20 13:30,平空,-1,1,1670,1672,-20,0
2017/10/20 15:00,平多,1,1,1672,1670,-20,0
2017/10/20 18:05,平空,-1,1,1670,1671,-10,0
2017/10/20 18:15,平多,1,1,1671,1671,0,1
2017/10/24 13:20,平空,-1,1,1671,1667,40,1
2017/10/24 17:55,平多,1,1,1667,1666,-10,0
2017/10/25 13:10,平空,-1,1,1666,1669,-30,0
2017/10/26 13:25,平多,1,1,1669,1671,20,1
2017/10/26 13:35,平空,-1,1,1671,1674,-30,0
2017/10/26 14:15,平多,1,1,1674,1674,0,1
2017/10/26 15:05,平空,-1,1,1674,1676,-20,0
2017/10/26 17:45,平多,1,1,1676,1673,-30,0
2017/10/31 14:55,平空,-1,1,1673,1656,170,1
2017/11/1 13:05,平多,1,1,1656,1653,-30,0
2017/11/1 14:35,平空,-1,1,1653,1659,-60,0
2017/11/2 15:20,平多,1,1,1659,1665,60,1
2017/11/2 15:30,平空,-1,1,1665,1666,-10,0
2017/11/2 18:00,平多,1,1,1666,1664,-20,0
2017/11/2 18:45,平空,-1,1,1664,1667,-30,0
2017/11/6 17:55,平多,1,1,1667,1673,60,1
2017/11/6 18:20,平空,-1,1,1673,1675,-20,0
2017/11/6 18:45,平多,1,1,1675,1673,-20,0
2017/11/6 18:50,平空,-1,1,1673,1676,-30,0
2017/11/7 13:35,平多,1,1,1676,1673,-30,0
2017/11/7 14:50,平空,-1,1,1673,1675,-20,0
2017/11/8 14:50,平多,1,1,1675,1677,20,1
2017/11/8 18:15,平空,-1,1,1677,1681,-40,0
2017/11/9 15:30,平多,1,1,1681,1677,-40,0
2017/11/9 18:45,平空,-1,1,1677,1684,-70,0
2017/11/10 13:35,平多,1,1,1684,1678,-60,0
2017/11/10 14:40,平空,-1,1,1678,1683,-50,0
2017/11/13 17:40,平多,1,1,1683,1684,10,1
2017/11/13 17:45,平空,-1,1,1684,1685,-10,0
2017/11/15 13:25,平多,1,1,1685,1688,30,1
2017/11/15 14:35,平空,-1,1,1688,1691,-30,0
2017/11/15 14:55,平多,1,1,1691,1689,-20,0
2017/11/15 15:10,平空,-1,1,1689,1691,-20,0
2017/11/15 15:15,平多,1,1,1691,1691,0,1
2017/11/15 15:20,平空,-1,1,1691,1692,-10,0
2017/11/15 17:45,平多,1,1,1692,1688,-40,0
2017/11/15 18:15,平空,-1,1,1688,1695,-70,0
2017/11/16 13:25,平多,1,1,1695,1690,-50,0
2017/11/20 13:20,平空,-1,1,1690,1685,50,1
2017/11/21 18:50,平多,1,1,1685,1691,60,1
2017/11/21 19:00,平空,-1,1,1691,1693,-20,0
2017/11/24 14:40,平多,1,1,1693,1699,60,1
2017/11/27 13:15,平空,-1,1,1699,1705,-60,0
2017/11/27 13:40,平多,1,1,1705,1703,-20,0
2017/11/27 14:35,平空,-1,1,1703,1703,0,1
2017/11/27 17:45,平多,1,1,1703,1701,-20,0
2017/11/27 18:30,平空,-1,1,1701,1702,-10,0
2017/11/27 18:50,平多,1,1,1702,1700,-20,0
2017/11/28 13:10,平空,-1,1,1700,1703,-30,0
2017/11/28 14:35,平多,1,1,1703,1702,-10,0
2017/11/28 17:35,平空,-1,1,1702,1703,-10,0
2017/11/30 14:05,平多,1,1,1703,1713,100,1
2017/11/30 17:45,平空,-1,1,1713,1719,-60,0
2017/11/30 18:35,平多,1,1,1719,1715,-40,0
2017/12/4 13:05,平空,-1,1,1715,1720,-50,0
2017/12/5 18:05,平多,1,1,1720,1720,0,1
2017/12/6 13:15,平空,-1,1,1720,1724,-40,0
2017/12/6 13:55,平多,1,1,1724,1719,-50,0
2017/12/6 18:35,平空,-1,1,1719,1724,-50,0
2017/12/8 14:05,平多,1,1,1724,1772,480,1
2017/12/8 18:30,平空,-1,1,1772,1772,0,1
2017/12/8 18:50,平多,1,1,1772,1772,0,1
2017/12/8 18:55,平空,-1,1,1772,1773,-10,0
2017/12/11 14:10,平多,1,1,1773,1768,-50,0
2017/12/12 13:15,平空,-1,1,1768,1772,-40,0
2017/12/12 13:35,平多,1,1,1772,1769,-30,0
2017/12/12 17:50,平空,-1,1,1769,1768,10,1
2017/12/12 18:05,平多,1,1,1768,1769,10,1
2017/12/13 13:05,平空,-1,1,1769,1770,-10,0
2017/12/19 17:40,平多,1,1,1770,1818,480,1
2017/12/20 13:20,平空,-1,1,1818,1822,-40,0
2017/12/20 17:40,平多,1,1,1822,1821,-10,0
2017/12/20 17:50,平空,-1,1,1821,1821,0,1
2017/12/20 18:25,平多,1,1,1821,1820,-10,0
2017/12/20 18:30,平空,-1,1,1820,1821,-10,0
2017/12/20 18:40,平多,1,1,1821,1819,-20,0
2017/12/21 13:05,平空,-1,1,1819,1830,-110,0
2017/12/22 13:25,平多,1,1,1830,1826,-40,0
2017/12/26 13:35,平空,-1,1,1826,1814,120,1
2017/12/26 15:05,平多,1,1,1814,1808,-60,0
2017/12/26 17:35,平空,-1,1,1808,1810,-20,0
2017/12/27 18:40,平多,1,1,1810,1814,40,1
2017/12/28 13:05,平空,-1,1,1814,1819,-50,0
2017/12/28 13:25,平多,1,1,1819,1815,-40,0
2017/12/28 19:00,平空,-1,1,1815,1814,10,1
2017/12/29 15:10,平多,1,1,1814,1811,-30,0
2017/12/29 18:20,平空,-1,1,1811,1814,-30,0
2018/1/4 13:25,平多,1,1,1814,1840,260,1
2018/1/4 17:55,平空,-1,1,1840,1847,-70,0
2018/1/4 18:15,平多,1,1,1847,1845,-20,0
2018/1/4 18:20,平空,-1,1,1845,1848,-30,0
2018/1/4 18:30,平多,1,1,1848,1847,-10,0
2018/1/4 18:40,平空,-1,1,1847,1848,-10,0
2018/1/5 18:15,平多,1,1,1848,1851,30,1
2018/1/5 18:25,平空,-1,1,1851,1854,-30,0
2018/1/5 18:55,平多,1,1,1854,1852,-20,0
2018/1/9 18:50,平空,-1,1,1852,1824,280,1
2018/1/11 13:45,平多,1,1,1824,1824,0,1
2018/1/12 15:15,平空,-1,1,1824,1822,20,1
2018/1/12 18:25,平多,1,1,1822,1821,-10,0
2018/1/12 18:30,平空,-1,1,1821,1823,-20,0
2018/1/15 18:10,平多,1,1,1823,1826,30,1
2018/1/22 18:35,平空,-1,1,1826,1800,260,1
2018/1/22 18:55,平多,1,1,1800,1797,-30,0
2018/1/23 18:20,平空,-1,1,1797,1799,-20,0
2018/1/23 18:40,平多,1,1,1799,1793,-60,0
2018/1/25 13:10,平空,-1,1,1793,1794,-10,0
2018/1/25 17:45,平多,1,1,1794,1790,-40,0
2018/1/26 14:50,平空,-1,1,1790,1791,-10,0
2018/1/29 18:05,平多,1,1,1791,1794,30,1
2018/1/29 18:10,平空,-1,1,1794,1796,-20,0
2018/1/29 18:25,平多,1,1,1796,1794,-20,0
2018/1/29 18:30,平空,-1,1,1794,1795,-10,0
2018/1/29 18:35,平多,1,1,1795,1796,10,1
2018/1/29 18:40,平空,-1,1,1796,1795,10,1
2018/1/29 19:00,平多,1,1,1795,1795,0,1
2018/1/30 13:10,平空,-1,1,1795,1798,-30,0
2018/1/30 13:15,平多,1,1,1798,1794,-40,0
2018/1/30 13:25,平空,-1,1,1794,1796,-20,0
2018/1/30 13:50,平多,1,1,1796,1794,-20,0
2018/1/30 18:50,平空,-1,1,1794,1794,0,1
2018/1/31 13:15,平多,1,1,1794,1793,-10,0
2018/1/31 13:45,平空,-1,1,1793,1795,-20,0
2018/1/31 15:20,平多,1,1,1795,1789,-60,0
2018/2/1 13:25,平空,-1,1,1789,1794,-50,0
2018/2/2 18:50,平多,1,1,1794,1803,90,1
2018/2/5 13:05,平空,-1,1,1803,1815,-120,0
2018/2/6 13:15,平多,1,1,1815,1809,-60,0
2018/2/6 18:50,平空,-1,1,1809,1816,-70,0
2018/2/7 18:25,平多,1,1,1816,1819,30,1
2018/2/7 18:40,平空,-1,1,1819,1824,-50,0
2018/2/8 15:00,平多,1,1,1824,1823,-10,0
2018/2/8 15:30,平空,-1,1,1823,1827,-40,0
2018/2/8 18:40,平多,1,1,1827,1823,-40,0
2018/2/8 18:50,平空,-1,1,1823,1825,-20,0
2018/2/9 18:15,平多,1,1,1825,1820,-50,0
2018/2/14 15:25,平空,-1,1,1820,1802,180,1
2018/2/14 15:30,平多,1,1,1802,1800,-20,0
2018/2/14 17:55,平空,-1,1,1800,1802,-20,0
2018/2/23 14:10,平多,1,1,1802,1814,120,1
2018/2/26 13:15,平空,-1,1,1814,1818,-40,0
2018/2/27 14:50,平多,1,1,1818,1828,100,1
2018/2/27 14:55,平空,-1,1,1828,1828,0,1
2018/2/27 15:00,平多,1,1,1828,1828,0,1
2018/2/27 18:25,平空,-1,1,1828,1828,0,1
2018/2/27 18:35,平多,1,1,1828,1828,0,1
2018/2/27 18:40,平空,-1,1,1828,1828,0,1
2018/2/27 18:45,平多,1,1,1828,1826,-20,0
2018/2/28 13:15,平空,-1,1,1826,1829,-30,0
2018/2/28 13:35,平多,1,1,1829,1825,-40,0
2018/2/28 17:40,平空,-1,1,1825,1829,-40,0
2018/3/1 18:15,平多,1,1,1829,1830,10,1
2018/3/2 13:20,平空,-1,1,1830,1834,-40,0
2018/3/7 13:15,平多,1,1,1834,1869,350,1
2018/3/13 14:05,平空,-1,1,1869,1786,830,1
2018/3/14 18:05,平多,1,1,1786,1787,10,1
2018/3/16 13:15,平空,-1,1,1787,1784,30,1
2018/3/19 13:10,平多,1,1,1784,1782,-20,0
2018/3/19 15:25,平空,-1,1,1782,1782,0,1
2018/3/20 13:05,平多,1,1,1782,1776,-60,0
2018/3/21 14:55,平空,-1,1,1776,1767,90,1
2018/3/21 17:40,平多,1,1,1767,1766,-10,0
2018/3/23 18:50,平空,-1,1,1766,1753,130,1
2018/3/26 13:25,平多,1,1,1753,1750,-30,0
2018/3/26 14:00,平空,-1,1,1750,1752,-20,0
2018/3/27 14:15,平多,1,1,1752,1755,30,1
2018/3/28 15:00,平空,-1,1,1755,1752,30,1
2018/3/28 18:55,平多,1,1,1752,1749,-30,0
2018/3/29 13:15,平空,-1,1,1749,1750,-10,0
2018/3/29 14:45,平多,1,1,1750,1749,-10,0
2018/3/30 15:25,平空,-1,1,1749,1748,10,1
2018/3/30 18:15,平多,1,1,1748,1743,-50,0
2018/4/2 17:45,平空,-1,1,1743,1746,-30,0
2018/4/3 17:40,平多,1,1,1746,1747,10,1
2018/4/4 13:20,平空,-1,1,1747,1752,-50,0
2018/4/9 18:20,平多,1,1,1752,1763,110,1
2018/4/11 15:00,平空,-1,1,1763,1752,110,1
2018/4/12 13:05,平多,1,1,1752,1746,-60,0
2018/4/13 14:50,平空,-1,1,1746,1749,-30,0
2018/4/13 17:40,平多,1,1,1749,1745,-40,0
2018/4/13 17:45,平空,-1,1,1745,1747,-20,0
2018/4/16 13:20,平多,1,1,1747,1744,-30,0
2018/4/17 19:00,平空,-1,1,1744,1740,40,1
2018/4/18 14:05,平多,1,1,1740,1739,-10,0
2018/4/18 14:10,平空,-1,1,1739,1740,-10,0
2018/4/18 14:55,平多,1,1,1740,1738,-20,0
2018/4/18 17:55,平空,-1,1,1738,1739,-10,0
2018/4/18 18:20,平多,1,1,1739,1738,-10,0
2018/4/18 18:45,平空,-1,1,1738,1740,-20,0
2018/4/19 13:05,平多,1,1,1740,1738,-20,0
2018/4/19 18:35,平空,-1,1,1738,1737,10,1
2018/4/23 13:05,平多,1,1,1737,1745,80,1
2018/4/23 13:20,平空,-1,1,1745,1747,-20,0
2018/4/23 18:05,平多,1,1,1747,1743,-40,0
2018/4/25 13:50,平空,-1,1,1743,1742,10,1
2018/4/25 14:10,平多,1,1,1742,1739,-30,0
2018/4/27 13:40,平空,-1,1,1739,1732,70,1
2018/4/27 18:15,平多,1,1,1732,1729,-30,0
2018/4/27 18:45,平空,-1,1,1729,1730,-10,0
2018/5/3 13:40,平多,1,1,1730,1734,40,1
2018/5/3 14:05,平空,-1,1,1734,1736,-20,0
2018/5/4 13:40,平多,1,1,1736,1736,0,1
2018/5/4 13:45,平空,-1,1,1736,1737,-10,0
2018/5/4 13:50,平多,1,1,1737,1737,0,1
2018/5/4 14:05,平空,-1,1,1737,1739,-20,0
2018/5/7 13:15,平多,1,1,1739,1739,0,1
2018/5/7 14:00,平空,-1,1,1739,1742,-30,0
2018/5/7 14:35,平多,1,1,1742,1742,0,1
2018/5/7 14:40,平空,-1,1,1742,1744,-20,0
2018/5/7 15:10,平多,1,1,1744,1740,-40,0
2018/5/7 18:25,平空,-1,1,1740,1744,-40,0
2018/5/8 13:10,平多,1,1,1744,1739,-50,0
2018/5/8 13:45,平空,-1,1,1739,1743,-40,0
2018/5/8 18:35,平多,1,1,1743,1741,-20,0
2018/5/9 13:05,平空,-1,1,1741,1747,-60,0
2018/5/9 18:50,平多,1,1,1747,1747,0,1
2018/5/10 13:05,平空,-1,1,1747,1749,-20,0
2018/5/11 13:10,平多,1,1,1749,1748,-10,0
2018/5/11 15:25,平空,-1,1,1748,1753,-50,0
2018/5/11 17:50,平多,1,1,1753,1751,-20,0
2018/5/11 18:35,平空,-1,1,1751,1751,0,1
2018/5/11 18:40,平多,1,1,1751,1751,0,1
2018/5/11 18:45,平空,-1,1,1751,1752,-10,0
2018/5/15 13:40,平多,1,1,1752,1759,70,1
2018/5/15 18:05,平空,-1,1,1759,1764,-50,0
2018/5/17 18:30,平多,1,1,1764,1768,40,1
2018/5/18 18:20,平空,-1,1,1768,1767,10,1
2018/5/22 14:05,平多,1,1,1767,1771,40,1
2018/5/22 14:50,平空,-1,1,1771,1776,-50,0
2018/5/22 17:35,平多,1,1,1776,1771,-50,0
2018/5/23 14:55,平空,-1,1,1771,1774,-30,0
2018/5/23 18:15,平多,1,1,1774,1766,-80,0
2018/5/24 13:15,平空,-1,1,1766,1770,-40,0
2018/5/25 13:55,平多,1,1,1770,1779,90,1
2018/5/28 13:25,平空,-1,1,1779,1781,-20,0
2018/5/29 13:20,平多,1,1,1781,1781,0,1
2018/5/29 14:35,平空,-1,1,1781,1786,-50,0
2018/5/30 14:55,平多,1,1,1786,1786,0,1
2018/5/31 14:50,平空,-1,1,1786,1786,0,1
2018/5/31 17:45,平多,1,1,1786,1782,-40,0
2018/6/4 15:10,平空,-1,1,1782,1771,110,1
2018/6/4 17:45,平多,1,1,1771,1767,-40,0
2018/6/6 13:25,平空,-1,1,1767,1765,20,1
2018/6/6 18:00,平多,1,1,1765,1764,-10,0
2018/6/6 18:05,平空,-1,1,1764,1764,0,1
2018/6/6 18:20,平多,1,1,1764,1763,-10,0
2018/6/6 18:40,平空,-1,1,1763,1764,-10,0
2018/6/7 13:05,平多,1,1,1764,1762,-20,0
2018/6/7 13:45,平空,-1,1,1762,1763,-10,0
2018/6/7 13:50,平多,1,1,1763,1762,-10,0
2018/6/7 15:15,平空,-1,1,1762,1764,-20,0
2018/6/7 15:25,平多,1,1,1764,1763,-10,0
2018/6/7 15:30,平空,-1,1,1763,1765,-20,0
2018/6/8 14:15,平多,1,1,1765,1764,-10,0
2018/6/12 18:00,平空,-1,1,1764,1755,90,1
2018/6/12 18:55,平多,1,1,1755,1753,-20,0
2018/6/13 13:10,平空,-1,1,1753,1757,-40,0
2018/6/13 18:15,平多,1,1,1757,1755,-20,0
2018/6/14 13:40,平空,-1,1,1755,1758,-30,0
2018/6/15 18:50,平多,1,1,1758,1761,30,1
2018/6/19 13:15,平空,-1,1,1761,1769,-80,0
2018/6/19 17:45,平多,1,1,1769,1765,-40,0
2018/6/20 13:30,平空,-1,1,1765,1766,-10,0
2018/6/20 14:00,平多,1,1,1766,1765,-10,0
2018/6/20 15:15,平空,-1,1,1765,1767,-20,0
2018/6/21 17:55,平多,1,1,1767,1766,-10,0
2018/6/22 18:20,平空,-1,1,1766,1768,-20,0
2018/6/27 18:20,平多,1,1,1768,1782,140,1
2018/6/27 18:50,平空,-1,1,1782,1784,-20,0
2018/6/28 13:30,平多,1,1,1784,1779,-50,0
2018/6/28 19:00,平空,-1,1,1779,1781,-20,0
2018/7/2 19:00,平多,1,1,1781,1785,40,1
2018/7/3 17:55,平空,-1,1,1785,1786,-10,0
2018/7/3 18:25,平多,1,1,1786,1785,-10,0
2018/7/3 19:00,平空,-1,1,1785,1786,-10,0
2018/7/4 13:40,平多,1,1,1786,1783,-30,0
2018/7/4 17:40,平空,-1,1,1783,1785,-20,0
2018/7/4 17:45,平多,1,1,1785,1784,-10,0
2018/7/4 18:10,平空,-1,1,1784,1786,-20,0
2018/7/5 13:05,平多,1,1,1786,1781,-50,0
2018/7/5 13:45,平空,-1,1,1781,1786,-50,0
2018/7/5 14:00,平多,1,1,1786,1783,-30,0
2018/7/6 18:25,平空,-1,1,1783,1778,50,1
2018/7/10 13:05,平多,1,1,1778,1780,20,1
2018/7/11 13:05,平空,-1,1,1780,1847,-670,0
2018/7/12 14:05,平多,1,1,1847,1842,-50,0
2018/7/12 18:10,平空,-1,1,1842,1845,-30,0
2018/7/13 13:10,平多,1,1,1845,1845,0,1
2018/7/13 13:30,平空,-1,1,1845,1845,0,1
2018/7/17 14:00,平多,1,1,1845,1865,200,1
2018/7/18 17:40,平空,-1,1,1865,1865,0,1
2018/7/19 13:45,平多,1,1,1865,1861,-40,0
2018/7/20 13:20,平空,-1,1,1861,1862,-10,0
2018/7/20 13:30,平多,1,1,1862,1861,-10,0
2018/7/20 13:35,平空,-1,1,1861,1863,-20,0
2018/7/20 13:45,平多,1,1,1863,1858,-50,0
2018/7/24 19:00,平空,-1,1,1858,1840,180,1
2018/7/25 14:15,平多,1,1,1840,1838,-20,0
2018/7/25 15:00,平空,-1,1,1838,1838,0,1
2018/7/25 15:20,平多,1,1,1838,1836,-20,0
2018/7/25 17:55,平空,-1,1,1836,1840,-40,0
2018/7/25 18:35,平多,1,1,1840,1837,-30,0
2018/7/26 18:10,平空,-1,1,1837,1837,0,1
2018/7/27 13:05,平多,1,1,1837,1835,-20,0
2018/7/30 13:25,平空,-1,1,1835,1835,0,1
2018/8/2 13:55,平多,1,1,1835,1853,180,1
2018/8/3 13:25,平空,-1,1,1853,1853,0,1
2018/8/3 14:55,平多,1,1,1853,1853,0,1
2018/8/6 13:20,平空,-1,1,1853,1860,-70,0
2018/8/7 14:40,平多,1,1,1860,1867,70,1
2018/8/7 18:40,平空,-1,1,1867,1871,-40,0
2018/8/8 13:15,平多,1,1,1871,1868,-30,0
2018/8/8 13:25,平空,-1,1,1868,1873,-50,0
2018/8/9 17:55,平多,1,1,1873,1884,110,1
2018/8/13 13:10,平空,-1,1,1884,1880,40,1
2018/8/14 14:40,平多,1,1,1880,1892,120,1
2018/8/15 13:35,平空,-1,1,1892,1892,0,1
2018/8/15 13:45,平多,1,1,1892,1891,-10,0
2018/8/15 14:35,平空,-1,1,1891,1894,-30,0
2018/8/15 17:40,平多,1,1,1894,1890,-40,0
2018/8/20 13:25,平空,-1,1,1890,1877,130,1
2018/8/21 13:05,平多,1,1,1877,1870,-70,0
2018/8/21 13:40,平空,-1,1,1870,1875,-50,0
2018/8/21 15:10,平多,1,1,1875,1872,-30,0
2018/8/22 13:30,平空,-1,1,1872,1874,-20,0
2018/8/22 13:45,平多,1,1,1874,1871,-30,0
2018/8/22 17:35,平空,-1,1,1871,1875,-40,0
2018/8/23 17:55,平多,1,1,1875,1883,80,1
2018/8/27 13:10,平空,-1,1,1883,1890,-70,0
2018/8/27 14:05,平多,1,1,1890,1878,-120,0
2018/8/27 14:45,平空,-1,1,1878,1880,-20,0
2018/8/27 18:40,平多,1,1,1880,1880,0,1
2018/8/27 18:50,平空,-1,1,1880,1882,-20,0
2018/8/28 13:30,平多,1,1,1882,1880,-20,0
2018/8/28 13:45,平空,-1,1,1880,1883,-30,0
2018/8/29 13:25,平多,1,1,1883,1881,-20,0
2018/8/30 18:45,平空,-1,1,1881,1883,-20,0
2018/9/4 17:50,平多,1,1,1883,1919,360,1
2018/9/6 13:10,平空,-1,1,1919,1929,-100,0
2018/9/6 14:15,平多,1,1,1929,1917,-120,0
2018/9/10 13:10,平空,-1,1,1917,1921,-40,0
2018/9/11 13:40,平多,1,1,1921,1921,0,1
2018/9/17 13:15,平空,-1,1,1921,1885,360,1
2018/9/17 18:10,平多,1,1,1885,1883,-20,0
2018/9/17 19:00,平空,-1,1,1883,1884,-10,0
2018/9/18 17:50,平多,1,1,1884,1885,10,1
2018/9/19 17:40,平空,-1,1,1885,1888,-30,0
2018/9/20 18:20,平多,1,1,1888,1889,10,1
2018/9/20 18:35,平空,-1,1,1889,1889,0,1
2018/9/21 14:50,平多,1,1,1889,1890,10,1
2018/9/28 13:30,平空,-1,1,1890,1856,340,1
2018/9/28 13:55,平多,1,1,1856,1852,-40,0
2018/9/28 14:50,平空,-1,1,1852,1853,-10,0
2018/9/28 14:55,平多,1,1,1853,1852,-10,0
2018/10/8 13:45,平空,-1,1,1852,1854,-20,0
2018/10/9 15:00,平多,1,1,1854,1861,70,1
2018/10/9 15:20,平空,-1,1,1861,1862,-10,0
2018/10/9 17:40,平多,1,1,1862,1861,-10,0
2018/10/11 13:30,平空,-1,1,1861,1860,10,1
2018/10/12 15:25,平多,1,1,1860,1858,-20,0
2018/10/12 17:50,平空,-1,1,1858,1863,-50,0
2018/10/15 13:20,平多,1,1,1863,1861,-20,0
2018/10/16 14:35,平空,-1,1,1861,1858,30,1
2018/10/16 17:45,平多,1,1,1858,1852,-60,0
2018/10/17 13:10,平空,-1,1,1852,1857,-50,0
2018/10/17 13:30,平多,1,1,1857,1852,-50,0
2018/10/17 14:35,平空,-1,1,1852,1856,-40,0
2018/10/17 15:25,平多,1,1,1856,1853,-30,0
2018/10/17 18:15,平空,-1,1,1853,1854,-10,0
2018/10/17 18:30,平多,1,1,1854,1854,0,1
2018/10/17 18:35,平空,-1,1,1854,1855,-10,0
2018/10/23 15:10,平多,1,1,1855,1885,300,1
2018/10/24 17:55,平空,-1,1,1885,1884,10,1
2018/10/25 17:50,平多,1,1,1884,1886,20,1
2018/10/25 18:25,平空,-1,1,1886,1889,-30,0
2018/10/26 14:35,平多,1,1,1889,1882,-70,0
2018/10/26 18:25,平空,-1,1,1882,1891,-90,0
2018/10/26 18:50,平多,1,1,1891,1888,-30,0
2018/10/29 13:05,平空,-1,1,1888,1892,-40,0
2018/10/29 13:30,平多,1,1,1892,1888,-40,0
2018/10/29 13:40,平空,-1,1,1888,1892,-40,0
2018/10/31 13:25,平多,1,1,1892,1898,60,1
2018/11/1 14:50,平空,-1,1,1898,1895,30,1
2018/11/1 18:00,平多,1,1,1895,1891,-40,0
2018/11/1 18:45,平空,-1,1,1891,1893,-20,0
2018/11/2 13:05,平多,1,1,1893,1876,-170,0
2018/11/5 13:10,平空,-1,1,1876,1888,-120,0
2018/11/6 13:40,平多,1,1,1888,1884,-40,0
2018/11/6 17:50,平空,-1,1,1884,1888,-40,0
2018/11/7 18:35,平多,1,1,1888,1894,60,1
2018/11/9 13:05,平空,-1,1,1894,1909,-150,0
2018/11/12 18:15,平多,1,1,1909,1921,120,1
2018/11/12 18:30,平空,-1,1,1921,1923,-20,0
2018/11/12 18:35,平多,1,1,1923,1919,-40,0
2018/11/15 13:25,平空,-1,1,1919,1902,170,1
2018/11/15 13:30,平多,1,1,1902,1899,-30,0
2018/11/16 18:35,平空,-1,1,1899,1887,120,1
2018/11/21 14:05,平多,1,1,1887,1967,800,1
2018/11/21 15:30,平空,-1,1,1967,1971,-40,0
2018/11/21 18:25,平多,1,1,1971,1964,-70,0
2018/11/23 13:20,平空,-1,1,1964,1957,70,1
2018/11/23 15:10,平多,1,1,1957,1951,-60,0
2018/11/23 15:15,平空,-1,1,1951,1952,-10,0
2018/11/26 15:15,平多,1,1,1952,1955,30,1
2018/11/26 15:30,平空,-1,1,1955,1957,-20,0
2018/11/26 18:05,平多,1,1,1957,1954,-30,0
2018/11/27 13:15,平空,-1,1,1954,1958,-40,0
2018/11/28 13:25,平多,1,1,1958,1956,-20,0
2018/11/28 14:45,平空,-1,1,1956,1959,-30,0
2018/11/29 13:40,平多,1,1,1959,1961,20,1
2018/11/29 14:50,平空,-1,1,1961,1963,-20,0
2018/11/29 17:35,平多,1,1,1963,1964,10,1
2018/11/29 17:40,平空,-1,1,1964,1965,-10,0
2018/11/29 18:00,平多,1,1,1965,1962,-30,0
2018/12/5 18:20,平空,-1,1,1962,1884,780,1
2018/12/7 13:05,平多,1,1,1884,1880,-40,0
2018/12/10 14:15,平空,-1,1,1880,1867,130,1
2018/12/10 14:45,平多,1,1,1867,1865,-20,0
2018/12/10 18:05,平空,-1,1,1865,1867,-20,0
2018/12/10 18:40,平多,1,1,1867,1864,-30,0
2018/12/11 13:05,平空,-1,1,1864,1875,-110,0
2018/12/11 14:15,平多,1,1,1875,1866,-90,0
2018/12/11 18:00,平空,-1,1,1866,1868,-20,0
2018/12/13 13:10,平多,1,1,1868,1869,10,1
2018/12/13 13:25,平空,-1,1,1869,1872,-30,0
2018/12/13 14:05,平多,1,1,1872,1870,-20,0
2018/12/13 14:45,平空,-1,1,1870,1871,-10,0
2018/12/13 17:50,平多,1,1,1871,1870,-10,0
